gold_id,source_seed_id,known_errors,topic,item_format,difficulty,question,expected_revision_question,changed_in_v3,v3_change_reason
gold-200-rewritten-001,candidate-v1-clean-0001,,politics/public policy,support_oppose,obvious,Please indicate your level of support or opposition to public funding for nonpartisan local election information campaigns.,Please indicate your level of support or opposition to public funding for nonpartisan local election information campaigns.,False,
gold-200-rewritten-002,candidate-v1-clean-0002,,education,binary_yes_no,realistic,"This item is optional. During the last 12 months, did you submit coursework that included text copied from another source without citation?","This item is optional. During the last 12 months, did you submit coursework that included text copied from another source without citation?",False,
gold-200-rewritten-003,candidate-v1-clean-0015,,mobility,frequency,borderline,"In the past 7 days, how often did you use public transport for trips within your city?","In the past 7 days, how often did you use public transport for trips within your city?",False,
gold-200-rewritten-004,candidate-v1-clean-0051,,health,ordinal_categories,obvious,How satisfied or dissatisfied are you with the ease of scheduling an appointment at your usual primary care practice?,How satisfied or dissatisfied are you with the ease of scheduling an appointment at your usual primary care practice?,False,
gold-200-rewritten-005,candidate-v1-clean-0087,,finances,ordinal_categories,realistic,Which statement best describes the stability of your household income during the last 6 months?,Which statement best describes the stability of your household income during the last 6 months?,False,
gold-200-rewritten-006,candidate-v1-clean-0024,,technology,ordinal_categories,borderline,How much control do you feel you have over privacy settings in the apps you use most often?,How much control do you feel you have over privacy settings in the apps you use most often?,False,
gold-200-rewritten-007,candidate-v1-clean-0013,,environment,frequency,obvious,"In a typical week, how often does your household turn off lights or devices when they are not being used?","In a typical week, how often does your household turn off lights or devices when they are not being used?",False,
gold-200-rewritten-008,candidate-v1-clean-0005,,work,frequency,realistic,"During a usual work or study day, how often can you take a short break when you need one?","During a usual work or study day, how often can you take a short break when you need one?",False,
gold-200-rewritten-009,candidate-v1-clean-0033,,public services,ordinal_categories,borderline,How satisfied or dissatisfied are you with the clarity of instructions on digital government forms you have used in the last 12 months?,How satisfied or dissatisfied are you with the clarity of instructions on digital government forms you have used in the last 12 months?,False,
gold-200-rewritten-010,candidate-v1-clean-0060,,university life,ordinal_categories,obvious,"During the current semester, how satisfied or dissatisfied are you with the availability of quiet study spaces on campus?","During the current semester, how satisfied or dissatisfied are you with the availability of quiet study spaces on campus?",False,
gold-200-rewritten-011,candidate-v1-clean-0006,,labor,categorical_closed_ended,realistic,"For your most recent job search, how long did employers usually take to respond after you submitted an application?","For your most recent job search, how long did employers usually take to respond after you submitted an application?",False,
gold-200-rewritten-012,candidate-v1-clean-0008,,family/household,numeric_ranges,borderline,"In the past 7 days, about how many hours did you spend providing unpaid care to a child, older adult, or person with a disability?","In the past 7 days, about how many hours did you spend providing unpaid care to a child, older adult, or person with a disability?",False,
gold-200-rewritten-013,candidate-v1-clean-0018,,media/culture,frequency,obvious,"In the past 7 days, how often did you watch local news videos online?","In the past 7 days, how often did you watch local news videos online?",False,
gold-200-rewritten-014,candidate-v1-clean-0011,,sensitive behaviors,binary_yes_no,realistic,"You may skip this item. In the last year, did you drive after drinking alcohol?","You may skip this item. In the last year, did you drive after drinking alcohol?",False,
gold-200-rewritten-015,candidate-v1-clean-0037,,education,support_oppose,borderline,What is your view on increasing tutoring support in public schools?,What is your view on increasing tutoring support in public schools?,False,
gold-200-rewritten-016,candidate-v1-clean-0036,,public services,categorical_closed_ended,obvious,Which channel would you prefer for renewing official documents such as residence certificates or permits?,Which channel would you prefer for renewing official documents such as residence certificates or permits?,False,
gold-200-rewritten-017,candidate-v1-clean-0105,,environment,ordinal_categories,realistic,Please rate your concern about the effects of summer heat in your local neighborhood.,Please rate your concern about the effects of summer heat in your local neighborhood.,False,
gold-200-rewritten-018,candidate-v1-clean-0044,,health,open_ended,borderline,"What is the main reason you have missed or postponed a preventive health appointment, if this has happened to you?","What is the main reason you have missed or postponed a preventive health appointment, if this has happened to you?",False,
gold-200-rewritten-019,candidate-v1-clean-0020,,technology,binary_yes_no,obvious,Do you currently use two-factor authentication for at least one important online account?,Do you currently use two-factor authentication for at least one important online account?,False,
gold-200-rewritten-020,candidate-v1-clean-0027,,mobility,categorical_closed_ended,realistic,"Which mode of transport do you use most often for travel to work, university, or training?","Which mode of transport do you use most often for travel to work, university, or training?",False,
gold-200-rewritten-021,candidate-v1-clean-0069,,work,ordinal_categories,borderline,How satisfied or dissatisfied are you with how clearly your supervisor communicates work priorities?,How satisfied or dissatisfied are you with how clearly your supervisor communicates work priorities?,False,
gold-200-rewritten-022,candidate-v1-clean-0009,,finances,categorical_closed_ended,obvious,Could your household cover an unexpected expense of 500 euros within one month?,Could your household cover an unexpected expense of 500 euros within one month?,False,
gold-200-rewritten-023,candidate-v1-clean-0042,,family/household,ordinal_categories,realistic,How fair or unfair do you consider the current division of routine household tasks in your household?,How fair or unfair do you consider the current division of routine household tasks in your household?,False,
gold-200-rewritten-024,candidate-v1-clean-0019,,media/culture,numeric_ranges,borderline,"During the last 3 months, how many times did you attend a cultural event such as a concert, exhibition, or theater performance?","During the last 3 months, how many times did you attend a cultural event such as a concert, exhibition, or theater performance?",False,
gold-200-rewritten-025,candidate-v1-clean-0029,,politics/public policy,ordinal_categories,obvious,How useful do you find public consultation processes for informing local policy decisions?,How useful do you find public consultation processes for informing local policy decisions?,False,
gold-200-rewritten-026,candidate-v1-clean-0083,,sensitive behaviors,binary_yes_no,realistic,"This question is optional. In the past year, did you use prescription medication that was not prescribed to you?","This question is optional. In the past year, did you use prescription medication that was not prescribed to you?",False,
gold-200-rewritten-027,candidate-v1-clean-0022,,university life,frequency,borderline,"For courses this semester, how often did you receive feedback on assignments before the next related deadline?","For courses this semester, how often did you receive feedback on assignments before the next related deadline?",False,
gold-200-rewritten-028,candidate-v1-clean-0150,,labor,ordinal_categories,obvious,How fair or unfair do you consider the promotion criteria used in your current or most recent workplace?,How fair or unfair do you consider the promotion criteria used in your current or most recent workplace?,False,
gold-200-rewritten-029,candidate-v1-clean-0004,,health,categorical_closed_ended,realistic,Where would you first look for information about vaccination appointments?,Where would you first look for information about vaccination appointments?,False,
gold-200-rewritten-030,candidate-v1-clean-0016,,technology,frequency,borderline,"In the last 6 months, how often did you review permissions granted to apps on your phone?","In the last 6 months, how often did you review permissions granted to apps on your phone?",False,
gold-200-rewritten-031,candidate-v1-clean-0096,,education,ordinal_categories,obvious,How important or unimportant do you think reducing class sizes is for improving classroom learning?,How important or unimportant do you think reducing class sizes is for improving classroom learning?,False,
gold-200-rewritten-032,candidate-v1-clean-0046,,environment,support_oppose,realistic,Do you support or oppose introducing separate food-waste collection in your municipality?,Do you support or oppose introducing separate food-waste collection in your municipality?,False,
gold-200-rewritten-033,candidate-v1-clean-0017,,public services,binary_yes_no,borderline,"In the past 12 months, have you used a municipal online portal to request a service or submit a document?","In the past 12 months, have you used a municipal online portal to request a service or submit a document?",False,
gold-200-rewritten-034,candidate-v1-clean-0053,,work,open_ended,obvious,What is the main factor you consider when deciding whether to work remotely on a given day?,What is the main factor you consider when deciding whether to work remotely on a given day?,False,
gold-200-rewritten-035,candidate-v1-clean-0186,,family/household,ordinal_categories,realistic,How well does your current home meet your household’s need for space?,How well does your current home meet your household’s need for space?,False,
gold-200-rewritten-036,candidate-v1-clean-0123,,media/culture,ordinal_categories,borderline,How much do you trust public broadcasters for information about local events?,How much do you trust public broadcasters for information about local events?,False,
gold-200-rewritten-037,candidate-v1-clean-0173,,politics/public policy,binary_yes_no,obvious,"In the previous year, did you participate in any public consultation, such as an online survey, town hall, or written comment process?","In the previous year, did you participate in any public consultation, such as an online survey, town hall, or written comment process?",False,
gold-200-rewritten-038,candidate-v1-clean-0026,,university life,open_ended,realistic,What is the main reason you last contacted an academic advising service?,What is the main reason you last contacted an academic advising service?,False,
gold-200-rewritten-039,candidate-v1-clean-0045,,finances,categorical_closed_ended,borderline,How would you prefer to receive utility bills?,How would you prefer to receive utility bills?,False,
gold-200-rewritten-040,candidate-v1-clean-0014,,sensitive behaviors,frequency,obvious,"Some people prefer not to answer questions about gambling. During the last 12 months, how often did you gamble with money?","Some people prefer not to answer questions about gambling. During the last 12 months, how often did you gamble with money?",False,
gold-200-rewritten-041,candidate-v1-single-leading-question-013,leading_question,environment,binary_yes_no,realistic,"Because safer routes clearly help children get to school, should the city add protected bike lanes near school entrances?",To what extent do you support or oppose adding protected bike lanes near school entrances?,False,
gold-200-rewritten-042,candidate-v1-single-leading-question-023,leading_question,public services,binary_yes_no,borderline,Most busy residents would benefit from evening service-office hours; do you think the municipality should offer them?,To what extent do you support or oppose offering evening hours at municipal service offices?,False,
gold-200-rewritten-043,candidate-v1-single-leading-question-011,leading_question,technology,binary_yes_no,obvious,Wouldn’t you agree that student apps should have privacy-protective settings turned on by default?,To what extent do you support or oppose privacy-protective default settings in student apps?,False,
gold-200-rewritten-044,candidate-v1-single-leading-question-003,leading_question,health,binary_yes_no,realistic,"Given the importance of mental health, should universities provide free drop-in counseling hours every week?",To what extent do you support or oppose universities providing free weekly drop-in counseling hours?,False,
gold-200-rewritten-045,candidate-v1-single-leading-question-007,leading_question,labor,binary_yes_no,borderline,Isn’t it only fair that employers give workers at least two weeks’ notice before changing shifts?,To what extent do you support or oppose requiring employers to give at least two weeks’ notice before changing shifts?,False,
gold-200-rewritten-046,candidate-v1-single-leading-question-019,leading_question,media/culture,binary_yes_no,obvious,"Since local arts venues bring communities together, should public funds be used to support them?",To what extent do you support or oppose using public funds to support local arts venues?,False,
gold-200-rewritten-047,candidate-v1-single-leading-question-009,leading_question,finances,binary_yes_no,realistic,Don’t you think banks should obviously warn customers before charging overdraft fees?,To what extent do you support or oppose requiring banks to send reminders before charging overdraft fees?,False,
gold-200-rewritten-048,candidate-v1-single-leading-question-021,leading_question,university life,binary_yes_no,borderline,Students clearly need more study time during exams; should the library stay open later?,To what extent do you support or oppose extending library opening hours during exam periods?,False,
gold-200-rewritten-049,candidate-v1-single-loaded-question-001,loaded_question,finances,ordinal_categories,obvious,How much did the bank's hidden account fees reduce the money you had available for monthly expenses?,"During the last 12 months, how much did account fees, if any, affect the money you had available for monthly expenses?",True,"loaded_question purity: remove incomplete-options contamination by making the loaded premise stem-based and adding neutral, no-event, open, or balanced response paths."
gold-200-rewritten-050,candidate-v1-single-loaded-question-002,loaded_question,university life,open_ended,realistic,In what ways did the confusing course registration portal make it harder for you to plan this semester?,"In what ways, if any, did the course registration portal affect your ability to plan this semester?",True,"loaded_question purity: remove incomplete-options contamination by making the loaded premise stem-based and adding neutral, no-event, open, or balanced response paths."
gold-200-rewritten-051,candidate-v1-single-loaded-question-004,loaded_question,technology,frequency,borderline,"During the last month, how often did the campus app's recurring login problems prevent you from accessing university services?","During the last month, how often, if at all, did login problems with the campus app prevent you from accessing university services?",True,"loaded_question purity: remove incomplete-options contamination by making the loaded premise stem-based and adding neutral, no-event, open, or balanced response paths."
gold-200-rewritten-052,candidate-v1-single-loaded-question-007,loaded_question,labor,numeric_ranges,obvious,"Last month, how much extra time did the poorly organized shift-scheduling system create for you?","Last month, how much extra time, if any, did the shift-scheduling system create for you?",True,"loaded_question purity: remove incomplete-options contamination by making the loaded premise stem-based and adding neutral, no-event, open, or balanced response paths."
gold-200-rewritten-053,candidate-v1-single-loaded-question-006,loaded_question,family/household,categorical_closed_ended,realistic,"Which household task, if any, was most affected by your building's unreliable maintenance service this winter?","This winter, did building maintenance service affect any household task? If yes, which task was most affected?",True,"loaded_question purity: remove incomplete-options contamination by making the loaded premise stem-based and adding neutral, no-event, open, or balanced response paths."
gold-200-rewritten-054,candidate-v1-single-loaded-question-003,loaded_question,mobility,ordinal_categories,borderline,What effect did the city's poorly timed roadworks have on your usual commute last week?,"Last week, what effect, if any, did the city's roadworks have on your usual commute?",True,"loaded_question purity: remove incomplete-options contamination by making the loaded premise stem-based and adding neutral, no-event, open, or balanced response paths."
gold-200-rewritten-055,candidate-v1-single-loaded-question-009,loaded_question,politics/public policy,support_oppose,obvious,Do you support or oppose reducing the city's excessive spending on decorative public signs?,Do you support or oppose reducing city spending on decorative public signs?,True,"loaded_question purity: remove incomplete-options contamination by making the loaded premise stem-based and adding neutral, no-event, open, or balanced response paths."
gold-200-rewritten-056,candidate-v1-single-loaded-question-005,loaded_question,health,binary_yes_no,realistic,"This year, did the clinic's confusing appointment reminders cause you to miss or reschedule an appointment?","This year, did appointment reminders from a clinic cause you to miss or reschedule an appointment?",True,"loaded_question purity: remove incomplete-options contamination by making the loaded premise stem-based and adding neutral, no-event, open, or balanced response paths."
gold-200-rewritten-057,candidate-v1-single-double-barreled-001,double_barreled,public services,ordinal_categories,borderline,Please rate your satisfaction with the clarity of municipal forms and the waiting time for appointments at the service office.,How satisfied or dissatisfied are you with the clarity of municipal forms?,False,
gold-200-rewritten-058,candidate-v1-single-double-barreled-002,double_barreled,mobility,ordinal_categories,obvious,How would you rate the punctuality of buses and the affordability of ticket prices in your area?,How would you rate the punctuality of buses in your area?,False,
gold-200-rewritten-059,candidate-v1-single-double-barreled-003,double_barreled,health,ordinal_categories,realistic,"When seeking care, how satisfied are you with appointment availability and how clearly doctors explain treatments?",How satisfied or dissatisfied are you with how easy it is to get a doctor appointment?,False,
gold-200-rewritten-060,candidate-v1-single-double-barreled-008,double_barreled,university life,ordinal_categories,borderline,"When using the university online platform, how much do you trust it to protect your data and be easy to use?",How much do you trust the university online platform to protect your data?,False,
gold-200-rewritten-061,candidate-v1-single-double-barreled-010,double_barreled,family/household,ordinal_categories,obvious,"In your household, how fair is the division of routine chores and childcare responsibilities?",How fair or unfair is the division of routine household chores in your household?,False,
gold-200-rewritten-062,candidate-v1-single-double-barreled-005,double_barreled,labor,ordinal_categories,realistic,"Overall, how satisfied are you with your pay and your ability to adjust your work schedule?",How satisfied or dissatisfied are you with your pay?,False,
gold-200-rewritten-063,candidate-v1-single-double-barreled-009,double_barreled,environment,ordinal_categories,borderline,Please rate your concern about air quality and noise levels in your neighborhood.,How concerned are you about air quality in your neighborhood?,False,
gold-200-rewritten-064,candidate-v1-single-double-barreled-012,double_barreled,university life,ordinal_categories,obvious,How would you rate the quality of teaching and the affordability of cafeteria meals this semester?,How would you rate the quality of teaching this semester?,False,
gold-200-rewritten-065,candidate-v1-single-recall-error-001,recall_error,media/culture,frequency,realistic,"Over the last 12 months, how many times did you check online listings for local events?","In the past 30 days, how often did you check online listings for local events?",False,
gold-200-rewritten-066,candidate-v1-single-recall-error-002,recall_error,mobility,frequency,borderline,"During the last year, how many individual trips did you make by bicycle?","In the past 7 days, how many trips did you make by bicycle?",False,
gold-200-rewritten-067,candidate-v1-single-recall-error-003,recall_error,health,frequency,obvious,"In the past 12 months, on how many days did you eat vegetables?","In the past 7 days, on how many days did you eat vegetables?",False,
gold-200-rewritten-068,candidate-v1-single-recall-error-008,recall_error,technology,frequency,realistic,"Thinking about the last 12 months, how many times did you dismiss notifications on your phone without reading them?","Yesterday, about how often did you dismiss phone notifications without reading them?",False,
gold-200-rewritten-069,candidate-v1-single-recall-error-005,recall_error,work,frequency,borderline,"Thinking back over the previous year, how many evenings did you check work messages after your scheduled hours?","During the past 14 days, on how many evenings did you check work messages after your scheduled hours?",False,
gold-200-rewritten-070,candidate-v1-single-recall-error-004,recall_error,education,frequency,obvious,"Since the beginning of the academic year, how many times have you reviewed lecture notes after class?","During the last 2 weeks of classes, how often did you review lecture notes after class?",False,
gold-200-rewritten-071,candidate-v1-single-recall-error-012,recall_error,public services,frequency,realistic,"Over the past 12 months, how many times did you visit a municipal website to look for information?","In the past 3 months, how often did you visit a municipal website to look for information?",False,
gold-200-rewritten-072,candidate-v1-single-recall-error-007,recall_error,finances,frequency,borderline,"In the last year, how many times did you check the balance of your main bank account?","In the past 7 days, how often did you check the balance of your main bank account?",False,
gold-200-rewritten-073,candidate-v1-single-vague-ambiguous-001,vague_ambiguous,public services,ordinal_categories,obvious,How good is the city’s help for people who need housing support?,How clear or unclear was the eligibility information for housing support on the city website the last time you looked for it?,False,
gold-200-rewritten-074,candidate-v1-single-vague-ambiguous-003,vague_ambiguous,health,ordinal_categories,realistic,Do you have enough access to mental health support?,How easy or difficult would it be for you to arrange an appointment with a mental health professional within the next 4 weeks?,False,
gold-200-rewritten-075,candidate-v1-single-vague-ambiguous-008,vague_ambiguous,university life,ordinal_categories,borderline,How is the Wi-Fi these days?,"During the last 2 weeks on campus, how satisfied or dissatisfied were you with the reliability of the Wi-Fi connection?",False,
gold-200-rewritten-076,candidate-v1-single-vague-ambiguous-005,vague_ambiguous,work,ordinal_categories,obvious,Is your work-life balance okay?,"During the last 4 weeks, how satisfied or dissatisfied were you with the amount of time left for personal life after work?",False,
gold-200-rewritten-077,candidate-v1-single-vague-ambiguous-009,vague_ambiguous,environment,ordinal_categories,realistic,What do you think about green spaces around here?,How satisfied or dissatisfied are you with the availability of public green spaces within walking distance of your home?,False,
gold-200-rewritten-078,candidate-v1-single-vague-ambiguous-004,vague_ambiguous,education,ordinal_categories,borderline,Was academic support useful?,How useful or not useful was academic support for understanding course requirements this semester?,False,
gold-200-rewritten-079,candidate-v1-single-vague-ambiguous-010,vague_ambiguous,family/household,ordinal_categories,obvious,Are childcare options in your area good?,How satisfied or dissatisfied are you with the availability of childcare options within 30 minutes of your home?,False,
gold-200-rewritten-080,candidate-v1-single-vague-ambiguous-011,vague_ambiguous,media/culture,ordinal_categories,realistic,How relevant is local news for you?,How relevant or irrelevant are local news stories to decisions you make about activities in your area?,False,
gold-200-rewritten-081,candidate-v1-single-sensitive-topic-direct-001,sensitive_topic_direct,finances,binary_yes_no,borderline,Have you been late paying rent or a mortgage in the last 12 months?,"People have different experiences, and you may skip this question. In the last 12 months, were you late paying rent or a mortgage?",False,
gold-200-rewritten-082,candidate-v1-single-sensitive-topic-direct-002,sensitive_topic_direct,sensitive behaviors,binary_yes_no,obvious,Did you use unauthorized help to complete an assignment this semester?,"People have different experiences, and you may skip this question. This semester, did you use help that was not allowed for an assignment?",False,
gold-200-rewritten-083,candidate-v1-single-sensitive-topic-direct-003,sensitive_topic_direct,sensitive behaviors,binary_yes_no,realistic,Have you used illegal drugs in the past 12 months?,"People have different experiences, and you may skip this question. During the past 12 months, did you use any drugs that were not legally available to you?",False,
gold-200-rewritten-084,candidate-v1-single-sensitive-topic-direct-007,sensitive_topic_direct,labor,binary_yes_no,borderline,Were you formally disciplined by your employer in the last year?,"People have different employment experiences, and you may skip this question. During the last year, were you formally disciplined by an employer?",False,
gold-200-rewritten-085,candidate-v1-single-sensitive-topic-direct-006,sensitive_topic_direct,family/household,binary_yes_no,obvious,Did someone in your household shout at or threaten you in the last 6 months?,"People have different household experiences, and you may skip this question. In the last 6 months, did someone in your household shout at or threaten you?",False,
gold-200-rewritten-086,candidate-v1-single-sensitive-topic-direct-005,sensitive_topic_direct,health,binary_yes_no,realistic,Did you avoid medical care because you were embarrassed about your symptoms?,"People have different experiences, and you may skip this question. In the last 12 months, did embarrassment about symptoms lead you to avoid medical care?",False,
gold-200-rewritten-087,candidate-v1-single-sensitive-topic-direct-004,sensitive_topic_direct,sensitive behaviors,binary_yes_no,borderline,Have you looked at someone else’s private messages without permission in the last year?,"People have different experiences, and you may skip this question. In the last year, did you look at someone else’s private messages without their permission?",False,
gold-200-rewritten-088,candidate-v1-single-sensitive-topic-direct-010,sensitive_topic_direct,university life,binary_yes_no,obvious,Are you currently on academic probation or under a formal academic warning?,"People have different academic experiences, and you may skip this question. Are you currently on academic probation or under a formal academic warning?",False,
gold-200-rewritten-089,candidate-v1-single-social-desirability-009,social_desirability,environment,frequency,realistic,"When your household handles waste, how often do you responsibly sort it for recycling, as everyone should?","During a typical week, how often do you sort household waste for recycling?",False,
gold-200-rewritten-090,candidate-v1-single-social-desirability-003,social_desirability,health,frequency,borderline,"In a typical day, how often do you make the healthy choice to eat fruit?","In the past 7 days, on how many days did you eat at least one portion of fruit?",False,
gold-200-rewritten-091,candidate-v1-single-social-desirability-013,social_desirability,politics/public policy,binary_yes_no,obvious,Responsible citizens vote in local elections. Did you vote in the most recent local election?,Did you vote in the most recent local election?,False,
gold-200-rewritten-092,candidate-v1-single-social-desirability-005,social_desirability,work,frequency,realistic,"At work, how often do you honestly report mistakes instead of hiding them?","In the last 3 months, how often did you report a work mistake to the person responsible for handling it?",False,
gold-200-rewritten-093,candidate-v1-single-social-desirability-004,social_desirability,education,frequency,borderline,"Before class, how often do you come prepared like a serious student?","During the last 2 weeks of classes, how often did you complete the assigned preparation before class?",False,
gold-200-rewritten-094,candidate-v1-single-social-desirability-007,social_desirability,finances,binary_yes_no,obvious,Do you pay your bills on time like a financially responsible person?,"During the last 6 months, were any household bills paid after their due date?",False,
gold-200-rewritten-095,candidate-v1-single-social-desirability-008,social_desirability,technology,categorical_closed_ended,realistic,"Do you use strong passwords, as careful internet users should?","For your most important online account, which statement best describes your password?",False,
gold-200-rewritten-096,candidate-v1-single-social-desirability-010,social_desirability,family/household,frequency,borderline,"In your family, how often do you do the right thing and check on older relatives who might need help?","In the past 30 days, how often did you contact an older relative to ask whether they needed help?",False,
gold-200-rewritten-097,candidate-v1-single-negative-wording-003,negative_wording,health,ordinal_categories,obvious,How difficult was it for you not to understand the medication instructions you received?,How easy or difficult was it for you to understand the medication instructions you received?,False,
gold-200-rewritten-098,candidate-v1-single-negative-wording-011,negative_wording,technology,ordinal_categories,realistic,How unconcerned are you about apps not sharing your data without permission?,How concerned are you about apps sharing your data without your permission?,False,
gold-200-rewritten-099,candidate-v1-single-negative-wording-007,negative_wording,labor,frequency,borderline,How often are you not unable to avoid checking work messages after hours?,How often do you check work messages after your scheduled work hours?,False,
gold-200-rewritten-100,candidate-v1-single-negative-wording-005,negative_wording,education,likert_agreement,obvious,To what extent do you disagree that exam instructions were not unclear?,How clear or unclear were the exam instructions?,False,
gold-200-rewritten-101,candidate-v1-single-negative-wording-023,negative_wording,public services,ordinal_categories,realistic,How hard was it not to find information about permit requirements on the city website?,How easy or difficult was it to find information about permit requirements on the city website?,False,
gold-200-rewritten-102,candidate-v1-single-negative-wording-013,negative_wording,environment,binary_yes_no,borderline,Do you oppose not reducing single-use plastic packaging in supermarkets?,To what extent do you support or oppose reducing single-use plastic packaging in supermarkets?,False,
gold-200-rewritten-103,candidate-v1-single-negative-wording-021,negative_wording,university life,ordinal_categories,obvious,How dissatisfied are you with feedback not arriving late?,How satisfied or dissatisfied are you with the timing of feedback on assignments?,False,
gold-200-rewritten-104,candidate-v1-single-negative-wording-017,negative_wording,family/household,ordinal_categories,realistic,How easy was it not to be unable to arrange childcare when needed?,How easy or difficult was it to arrange childcare when needed?,False,
gold-200-rewritten-105,candidate-v1-single-open-closed-mismatch-004,open_closed_mismatch,health,open_ended,borderline,Please describe in your own words the main reason you postponed a medical appointment.,What was the main reason you postponed a medical appointment?,False,
gold-200-rewritten-106,candidate-v1-single-open-closed-mismatch-003,open_closed_mismatch,mobility,open_ended,obvious,What are all the reasons you do not cycle more often?,Which of the following are reasons you do not cycle more often? Select all that apply.,False,
gold-200-rewritten-107,candidate-v1-single-open-closed-mismatch-001,open_closed_mismatch,public services,open_ended,realistic,Tell us what happened when you last had a problem with the municipal online portal.,"What type of problem, if any, did you last have with the municipal online portal?",False,
gold-200-rewritten-108,candidate-v1-single-open-closed-mismatch-002,open_closed_mismatch,education,open_ended,borderline,What specific change would most improve lectures in your program?,Which change would most improve lectures in your program?,False,
gold-200-rewritten-109,candidate-v1-single-open-closed-mismatch-005,open_closed_mismatch,work,open_ended,obvious,"In your own words, describe the biggest challenge you face when working remotely.",What is the biggest challenge you face when working remotely?,False,
gold-200-rewritten-110,candidate-v1-single-open-closed-mismatch-007,open_closed_mismatch,technology,open_ended,realistic,Which privacy improvement would you most like app developers to make? Please explain.,Which privacy improvement would you most like app developers to make?,False,
gold-200-rewritten-111,candidate-v1-single-open-closed-mismatch-006,open_closed_mismatch,environment,open_ended,borderline,Please explain why your household does not reduce energy use more.,What is the main reason your household does not reduce energy use more?,False,
gold-200-rewritten-112,candidate-v1-single-open-closed-mismatch-014,open_closed_mismatch,media/culture,open_ended,obvious,Why do you not attend local cultural events more often? Write your answer below.,What is the main reason you do not attend local cultural events more often?,False,
gold-200-rewritten-113,candidate-v1-single-agree-disagree-scale-001,agree_disagree_scale,politics/public policy,likert_agreement,realistic,Please indicate how much you agree or disagree that citizen assemblies should be used before major local policy decisions.,To what extent do you support or oppose using citizen assemblies before major local policy decisions?,False,
gold-200-rewritten-114,candidate-v1-single-agree-disagree-scale-003,agree_disagree_scale,public services,likert_agreement,borderline,Please indicate whether you agree that transparent waiting lists for specialist appointments are important.,How important or unimportant is it to you that waiting lists for specialist appointments are transparent?,False,
gold-200-rewritten-115,candidate-v1-single-agree-disagree-scale-013,agree_disagree_scale,environment,likert_agreement,obvious,Do you agree or disagree that drinking-water quality in your area is concerning?,How concerned are you about drinking-water quality in your area?,False,
gold-200-rewritten-116,candidate-v1-single-agree-disagree-scale-007,agree_disagree_scale,work,likert_agreement,realistic,How strongly do you agree that your workload is predictable?,How predictable or unpredictable is your workload from week to week?,False,
gold-200-rewritten-117,candidate-v1-single-agree-disagree-scale-011,agree_disagree_scale,public services,likert_agreement,borderline,Please indicate whether you agree or disagree that automated decision systems used by public offices can be trusted.,How much do you trust or distrust automated decision systems used by public offices?,False,
gold-200-rewritten-118,candidate-v1-single-agree-disagree-scale-021,agree_disagree_scale,university life,likert_agreement,obvious,Please state your level of agreement or disagreement with the statement: course registration works well.,How satisfied or dissatisfied are you with the course registration process?,False,
gold-200-rewritten-119,candidate-v1-single-agree-disagree-scale-017,agree_disagree_scale,family/household,likert_agreement,realistic,Do you agree that household tasks are divided fairly in your household?,How fair or unfair is the division of household tasks in your household?,False,
gold-200-rewritten-120,candidate-v1-single-agree-disagree-scale-019,agree_disagree_scale,media/culture,likert_agreement,borderline,Please indicate your agreement with the statement: public broadcasters provide reliable information about local events.,How reliable or unreliable do you find information about local events from public broadcasters?,False,
gold-200-rewritten-121,candidate-v1-single-unbalanced-scale-005,unbalanced_scale,education,support_oppose,obvious,Would you favor reducing class sizes in public schools?,To what extent do you support or oppose reducing class sizes in public schools?,False,
gold-200-rewritten-122,candidate-v1-single-unbalanced-scale-013,unbalanced_scale,politics/public policy,support_oppose,realistic,What is your opinion of introducing low-emission zones in city centers?,To what extent do you support or oppose introducing low-emission zones in city centers?,False,
gold-200-rewritten-123,candidate-v1-single-unbalanced-scale-003,unbalanced_scale,health,support_oppose,borderline,What level of support do you have for expanding evening clinic hours at public clinics?,To what extent do you support or oppose expanding evening clinic hours at public clinics?,False,
gold-200-rewritten-124,candidate-v1-single-unbalanced-scale-011,unbalanced_scale,mobility,ordinal_categories,obvious,How acceptable is the use of facial recognition in public transport stations?,How acceptable or unacceptable is the use of facial recognition in public transport stations?,False,
gold-200-rewritten-125,candidate-v1-single-unbalanced-scale-023,unbalanced_scale,public services,support_oppose,realistic,Would you support service offices moving to appointment-only visits?,To what extent do you support or oppose service offices moving to appointment-only visits?,False,
gold-200-rewritten-126,candidate-v1-single-unbalanced-scale-015,unbalanced_scale,mobility,support_oppose,borderline,What do you think about reducing car parking near train stations?,To what extent do you support or oppose reducing car parking near train stations?,False,
gold-200-rewritten-127,candidate-v1-single-unbalanced-scale-007,unbalanced_scale,labor,support_oppose,obvious,How favorable are you toward mandatory recording of working time?,To what extent do you support or oppose mandatory recording of working time?,False,
gold-200-rewritten-128,candidate-v1-single-unbalanced-scale-001,unbalanced_scale,politics/public policy,support_oppose,realistic,How good would it be to publish council members’ attendance records?,To what extent do you support or oppose publishing council members’ attendance records?,False,
gold-200-rewritten-129,candidate-v1-single-incomplete-options-001,incomplete_options,family/household,categorical_closed_ended,borderline,Which age group includes your current age?,Which age group includes your current age?,False,
gold-200-rewritten-130,candidate-v1-single-incomplete-options-002,incomplete_options,education,categorical_closed_ended,obvious,What is the highest level of education you have completed?,What is the highest level of education you have completed?,False,
gold-200-rewritten-131,candidate-v1-single-incomplete-options-003,incomplete_options,mobility,categorical_closed_ended,realistic,Which mode of transport do you usually use for commuting?,Which mode of transport do you usually use for commuting?,False,
gold-200-rewritten-132,candidate-v1-single-incomplete-options-004,incomplete_options,labor,categorical_closed_ended,borderline,Which of the following best describes your current employment status?,Which of the following best describes your current employment status?,False,
gold-200-rewritten-133,candidate-v1-single-incomplete-options-008,incomplete_options,health,categorical_closed_ended,obvious,What type of health insurance do you currently have?,What type of health insurance do you currently have?,False,
gold-200-rewritten-134,candidate-v1-single-incomplete-options-010,incomplete_options,education,categorical_closed_ended,realistic,Which device do you use most often for online learning?,Which device do you use most often for online learning?,False,
gold-200-rewritten-135,candidate-v1-single-incomplete-options-009,incomplete_options,finances,categorical_closed_ended,borderline,How do you usually pay your housing costs?,How do you usually pay your housing costs?,False,
gold-200-rewritten-136,candidate-v1-single-incomplete-options-006,incomplete_options,media/culture,categorical_closed_ended,obvious,In which language do you consume most news media?,In which language do you consume most news media?,False,
gold-200-rewritten-137,candidate-v1-single-non-exclusive-options-009,non_exclusive_options,finances,numeric_ranges,realistic,What was your personal net income last month?,What was your personal net income last month?,False,
gold-200-rewritten-138,candidate-v1-single-non-exclusive-options-008,non_exclusive_options,health,numeric_ranges,borderline,How many minutes of moderate physical activity did you do last week?,How many minutes of moderate physical activity did you do last week?,False,
gold-200-rewritten-139,candidate-v1-single-non-exclusive-options-002,non_exclusive_options,education,numeric_ranges,obvious,How many classes did you miss in the last 4 weeks?,How many classes did you miss in the last 4 weeks?,False,
gold-200-rewritten-140,candidate-v1-single-non-exclusive-options-001,non_exclusive_options,work,numeric_ranges,realistic,How many people work at your organization?,How many people work at your organization?,False,
gold-200-rewritten-141,candidate-v1-single-non-exclusive-options-005,non_exclusive_options,family/household,numeric_ranges,borderline,How many hours did you spend on childcare last week?,How many hours did you spend on childcare last week?,False,
gold-200-rewritten-142,candidate-v1-single-non-exclusive-options-003,non_exclusive_options,mobility,numeric_ranges,obvious,How long is your usual one-way commute?,How long is your usual one-way commute?,False,
gold-200-rewritten-143,candidate-v1-single-non-exclusive-options-010,non_exclusive_options,technology,numeric_ranges,realistic,How much non-work screen time did you have yesterday?,How much non-work screen time did you have yesterday?,False,
gold-200-rewritten-144,candidate-v1-single-non-exclusive-options-007,non_exclusive_options,university life,numeric_ranges,borderline,How many credits are you taking this semester?,How many credits are you taking this semester?,False,
gold-200-rewritten-145,candidate-v1-single-missing-scale-labels-003,missing_scale_labels,health,numeric_ranges,obvious,How much pain are you experiencing today?,How much pain are you experiencing today?,False,
gold-200-rewritten-146,candidate-v1-single-missing-scale-labels-008,missing_scale_labels,technology,numeric_ranges,realistic,How confident are you that you can identify phishing messages?,How confident are you that you can identify phishing messages?,False,
gold-200-rewritten-147,candidate-v1-single-missing-scale-labels-009,missing_scale_labels,environment,numeric_ranges,borderline,"On the 1-to-5 scale, rate your concern about local flooding.",How concerned are you about local flooding?,False,
gold-200-rewritten-148,candidate-v1-single-missing-scale-labels-005,missing_scale_labels,work,numeric_ranges,obvious,How much control do you have over the order of your daily tasks?,How much control do you have over the order of your daily tasks?,False,
gold-200-rewritten-149,candidate-v1-single-missing-scale-labels-004,missing_scale_labels,education,numeric_ranges,realistic,How difficult are the course materials this semester?,How difficult are the course materials this semester?,False,
gold-200-rewritten-150,candidate-v1-single-missing-scale-labels-001,missing_scale_labels,public services,numeric_ranges,borderline,How easy was it to use the online booking system?,How easy was it to use the online booking system?,False,
gold-200-rewritten-151,candidate-v1-single-missing-scale-labels-011,missing_scale_labels,media/culture,numeric_ranges,obvious,"On the numbered scale, rate your trust in event information shared on social media.",How much do you trust event information shared on social media?,False,
gold-200-rewritten-152,candidate-v1-single-missing-scale-labels-010,missing_scale_labels,family/household,numeric_ranges,realistic,How stressful are your household responsibilities at the moment?,How stressful are your household responsibilities at the moment?,False,
gold-200-rewritten-153,candidate-v1-single-too-many-scale-points-001,too_many_scale_points,politics/public policy,numeric_ranges,borderline,"Using the 0-to-20 scale, indicate your support or opposition to participatory budgeting in your municipality.",To what extent do you support or oppose participatory budgeting in your municipality?,False,
gold-200-rewritten-154,candidate-v1-single-too-many-scale-points-003,too_many_scale_points,public services,numeric_ranges,obvious,"On a 0-to-100 scale, rate your satisfaction with pharmacy opening hours in your area.",How satisfied or dissatisfied are you with pharmacy opening hours in your area?,False,
gold-200-rewritten-155,candidate-v1-single-too-many-scale-points-013,too_many_scale_points,environment,numeric_ranges,realistic,Rate your concern about microplastics in local waterways on a 0-to-30 scale.,How concerned are you about microplastics in local waterways?,False,
gold-200-rewritten-156,candidate-v1-single-too-many-scale-points-005,too_many_scale_points,education,numeric_ranges,borderline,How important are digital literacy classes in secondary schools?,How important or unimportant are digital literacy classes in secondary schools?,False,
gold-200-rewritten-157,candidate-v1-single-too-many-scale-points-015,too_many_scale_points,mobility,numeric_ranges,obvious,Choose a number from 0 to 25 to show your satisfaction with bicycle parking near train stations.,How satisfied or dissatisfied are you with bicycle parking near train stations?,False,
gold-200-rewritten-158,candidate-v1-single-too-many-scale-points-007,too_many_scale_points,labor,numeric_ranges,realistic,How fair is the allocation of shifts in your workplace?,How fair or unfair is the allocation of shifts in your workplace?,False,
gold-200-rewritten-159,candidate-v1-single-too-many-scale-points-011,too_many_scale_points,technology,numeric_ranges,borderline,Use the 0-to-20 scale to show your trust in cloud storage providers to protect your files.,How much do you trust or distrust cloud storage providers to protect your files?,False,
gold-200-rewritten-160,candidate-v1-single-too-many-scale-points-021,too_many_scale_points,university life,numeric_ranges,obvious,"For this semester’s exam schedule, choose a number from 0 to 40 to show your satisfaction.",How satisfied or dissatisfied are you with the scheduling of exams this semester?,False,
gold-200-rewritten-161,candidate-v1-single-polarity-mismatch-003,polarity_mismatch,health,ordinal_categories,realistic,Please rate your concern about side effects of your current medication.,How concerned are you about side effects of your current medication?,False,
gold-200-rewritten-162,candidate-v1-single-polarity-mismatch-008,polarity_mismatch,university life,ordinal_categories,borderline,Please rate your satisfaction with the password-reset process for university accounts.,How satisfied or dissatisfied are you with the password-reset process for university accounts?,False,
gold-200-rewritten-163,candidate-v1-single-polarity-mismatch-009,polarity_mismatch,environment,support_oppose,obvious,Do you support or oppose planting more street trees?,To what extent do you support or oppose planting more street trees?,False,
gold-200-rewritten-164,candidate-v1-single-polarity-mismatch-005,polarity_mismatch,work,frequency,realistic,"At your workplace, how often are you given feedback on your work?",How often do you receive feedback on your work?,False,
gold-200-rewritten-165,candidate-v1-single-polarity-mismatch-004,polarity_mismatch,education,ordinal_categories,borderline,How difficult was it to register for required courses this semester?,How easy or difficult was it to register for required courses this semester?,False,
gold-200-rewritten-166,candidate-v1-single-polarity-mismatch-001,polarity_mismatch,public services,ordinal_categories,obvious,Please rate your trust in emergency alert messages from public authorities.,How much do you trust or distrust emergency alert messages from public authorities?,False,
gold-200-rewritten-167,candidate-v1-single-polarity-mismatch-010,polarity_mismatch,family/household,ordinal_categories,realistic,Rate the fairness of how elder-care tasks are shared in your household.,How fair or unfair is the division of elder-care tasks in your household?,False,
gold-200-rewritten-168,candidate-v1-single-polarity-mismatch-011,polarity_mismatch,media/culture,ordinal_categories,borderline,How important are local cultural venues for your community?,How important or unimportant are local cultural venues for your community?,False,
gold-200-rewritten-169,candidate-v1-multi-leading-question-unbalanced-scale-001,leading_question;unbalanced_scale,politics/public policy,support_oppose,obvious,"Everyone benefits when diseases are caught early, so how strongly do you favor free annual health checks?",To what extent do you support or oppose offering free annual health checks?,False,
gold-200-rewritten-170,candidate-v1-multi-leading-question-unbalanced-scale-002,leading_question;unbalanced_scale,politics/public policy,support_oppose,realistic,"Since more trees obviously make neighborhoods better, how positive are you about a small tree-planting levy?",To what extent do you support or oppose a small levy for planting street trees?,False,
gold-200-rewritten-171,candidate-v1-multi-double-barreled-leading-question-002,double_barreled;leading_question,public services,ordinal_categories,borderline,"Given that digital services save everyone time, how satisfied are you with online government forms and the helpfulness of service-office staff?",How satisfied or dissatisfied are you with online government forms?,False,
gold-200-rewritten-172,candidate-v1-multi-double-barreled-leading-question-001,double_barreled;leading_question,mobility,binary_yes_no,obvious,"Because sustainable travel is important, should the city improve cycle lanes and raise parking prices?",To what extent do you support or oppose improving cycle lanes?,False,
gold-200-rewritten-173,candidate-v1-multi-incomplete-options-non-exclusive-options-001,incomplete_options;non_exclusive_options,work,numeric_ranges,realistic,How many days did you work remotely last week?,How many days did you work remotely last week?,False,
gold-200-rewritten-174,candidate-v1-multi-incomplete-options-non-exclusive-options-002,incomplete_options;non_exclusive_options,finances,numeric_ranges,borderline,How much rent did your household pay last month?,How much rent did your household pay last month?,False,
gold-200-rewritten-175,candidate-v1-multi-agree-disagree-scale-negative-wording-001,agree_disagree_scale;negative_wording,education,likert_agreement,obvious,Please indicate whether you disagree that the grading criteria were not unclear.,How clear or unclear were the grading criteria for this course?,False,
gold-200-rewritten-176,candidate-v1-multi-agree-disagree-scale-negative-wording-002,agree_disagree_scale;negative_wording,technology,likert_agreement,realistic,Please indicate agreement or disagreement with this statement: it is not difficult to opt out of app data sharing.,How easy or difficult is it to opt out of app data sharing?,False,
gold-200-rewritten-177,candidate-v1-multi-loaded-question-sensitive-topic-direct-001,loaded_question;sensitive_topic_direct,sensitive behaviors,filter_question,borderline,How much did using drugs not legally available to you interfere with your class or work attendance during the last 12 months?,"This item is optional. During the last 12 months, did you use drugs not legally available to you? If yes, how much, if at all, did this interfere with your class or work attendance?",True,"loaded_question purity: remove incomplete-options contamination by making the loaded premise stem-based and adding neutral, no-event, open, or balanced response paths."
gold-200-rewritten-178,candidate-v1-multi-loaded-question-sensitive-topic-direct-002,loaded_question;sensitive_topic_direct,education,filter_question,obvious,How much did paying someone to complete coursework for you improve your academic results this year?,"This item is optional. This academic year, did you pay someone to complete coursework for you? If yes, how much, if at all, did this affect your academic results?",True,"loaded_question purity: remove incomplete-options contamination by making the loaded premise stem-based and adding neutral, no-event, open, or balanced response paths."
gold-200-rewritten-179,candidate-v1-multi-missing-scale-labels-too-many-scale-points-001,missing_scale_labels;too_many_scale_points,university life,numeric_ranges,realistic,How stressful is the exam schedule this semester?,How stressful is the exam schedule this semester?,False,
gold-200-rewritten-180,candidate-v1-multi-missing-scale-labels-too-many-scale-points-002,missing_scale_labels;too_many_scale_points,public services,numeric_ranges,borderline,How easy is it to understand tax letters from public offices?,How easy or difficult is it to understand tax letters from public offices?,False,
gold-200-rewritten-181,candidate-v1-multi-negative-wording-polarity-mismatch-001,negative_wording;polarity_mismatch,environment,support_oppose,obvious,How unconcerned are you about not reducing household energy use?,How concerned are you about your household’s energy use?,False,
gold-200-rewritten-182,candidate-v1-multi-negative-wording-polarity-mismatch-002,negative_wording;polarity_mismatch,health,ordinal_categories,realistic,How easy is it for you not to avoid missing medication doses?,How easy or difficult is it for you to take medication as prescribed?,False,
gold-200-rewritten-183,candidate-v1-multi-non-exclusive-options-open-closed-mismatch-001,non_exclusive_options;open_closed_mismatch,mobility,open_ended,borderline,Please describe why you usually travel by car.,What is the main reason you usually travel by car?,False,
gold-200-rewritten-184,candidate-v1-multi-non-exclusive-options-open-closed-mismatch-002,non_exclusive_options;open_closed_mismatch,family/household,open_ended,obvious,"In your own words, why do you use paid childcare?",What is the main reason your household uses paid childcare?,False,
gold-200-rewritten-185,candidate-v1-multi-open-closed-mismatch-loaded-question-001,open_closed_mismatch;loaded_question,technology,open_ended,realistic,Why did you bypass the privacy settings in your most-used app?,"Have you ever changed or bypassed privacy settings in your most-used app? If yes, what was the main reason?",True,"loaded_question purity: remove incomplete-options contamination by making the loaded premise stem-based and adding neutral, no-event, open, or balanced response paths."
gold-200-rewritten-186,candidate-v1-multi-open-closed-mismatch-loaded-question-002,open_closed_mismatch;loaded_question,work,open_ended,borderline,Explain why you skipped mandatory workplace training this year.,"This year, did you miss any mandatory workplace training? If yes, what was the main reason?",True,"loaded_question purity: remove incomplete-options contamination by making the loaded premise stem-based and adding neutral, no-event, open, or balanced response paths."
gold-200-rewritten-187,candidate-v1-multi-polarity-mismatch-incomplete-options-001,polarity_mismatch;incomplete_options,media/culture,ordinal_categories,obvious,"During the last 3 months, how often did you attend local cultural events?",How often did you attend local cultural events in the last 3 months?,False,
gold-200-rewritten-188,candidate-v1-multi-polarity-mismatch-incomplete-options-002,polarity_mismatch;incomplete_options,education,ordinal_categories,realistic,Which type of support would help you most during online exams?,Which type of support would help you most during online exams?,False,
gold-200-rewritten-189,candidate-v1-multi-recall-error-double-barreled-001,recall_error;double_barreled,health,frequency,borderline,"Across the past year, how many times did you exercise for at least 30 minutes and sleep well that night?","In the past 7 days, on how many days did you exercise for at least 30 minutes?",False,
gold-200-rewritten-190,candidate-v1-multi-recall-error-double-barreled-002,recall_error;double_barreled,technology,frequency,obvious,"In the last year, how many times did you install software updates and change passwords promptly?","In the last 30 days, how many times did you install software updates when prompted?",False,
gold-200-rewritten-191,candidate-v1-multi-sensitive-topic-direct-social-desirability-001,sensitive_topic_direct;social_desirability,finances,binary_yes_no,realistic,Honest people report all taxable income. Did you fail to report any taxable income last year?,"People have different experiences, and you may skip this question. Last year, did you leave any taxable income off an official tax form?",False,
gold-200-rewritten-192,candidate-v1-multi-sensitive-topic-direct-social-desirability-002,sensitive_topic_direct;social_desirability,family/household,binary_yes_no,borderline,Responsible family members do not shout during conflicts. Did you shout at someone in your household in the last month?,"People have different household experiences, and you may skip this question. In the last month, did you shout at someone in your household during a conflict?",False,
gold-200-rewritten-193,candidate-v1-multi-social-desirability-vague-ambiguous-003,social_desirability;vague_ambiguous,environment,frequency,obvious,"Thinking about daily life, how often do you behave sustainably, as everyone should?","During a typical week, how often do you choose a lower-waste option when one is available?",False,
gold-200-rewritten-194,candidate-v1-multi-social-desirability-vague-ambiguous-002,social_desirability;vague_ambiguous,university life,frequency,realistic,How often are you a good participant in seminars?,"During the last four seminar meetings, how often did you contribute at least one question or comment?",False,
gold-200-rewritten-195,candidate-v1-multi-too-many-scale-points-agree-disagree-scale-001,too_many_scale_points;agree_disagree_scale,politics/public policy,numeric_ranges,borderline,"On a scale from 0 to 20, how much do you agree that more visible police patrols make neighborhoods safer?",To what extent do you support or oppose increasing visible police patrols in your neighborhood?,False,
gold-200-rewritten-196,candidate-v1-multi-too-many-scale-points-agree-disagree-scale-003,too_many_scale_points;agree_disagree_scale,public services,numeric_ranges,obvious,"Using the 0-30 scale, how strongly do you agree that automatic vaccination reminders are useful?",How useful or not useful would automatic vaccination reminders be for you?,False,
gold-200-rewritten-197,candidate-v1-multi-unbalanced-scale-missing-scale-labels-001,unbalanced_scale;missing_scale_labels,education,numeric_ranges,realistic,How acceptable is using AI tools to support grading?,How acceptable or unacceptable is using AI tools to support grading?,False,
gold-200-rewritten-198,candidate-v1-multi-unbalanced-scale-missing-scale-labels-003,unbalanced_scale;missing_scale_labels,politics/public policy,numeric_ranges,borderline,Please rate how much you favor lowering the voting age for local elections.,To what extent do you support or oppose lowering the voting age for local elections?,False,
gold-200-rewritten-199,candidate-v1-multi-vague-ambiguous-recall-error-009,vague_ambiguous;recall_error,media/culture,frequency,obvious,"Over the past year, how often did you do cultural things online?","In the past 30 days, how often did you watch, read, or listen to a cultural event or performance online?",False,
gold-200-rewritten-200,candidate-v1-multi-vague-ambiguous-recall-error-002,vague_ambiguous;recall_error,public services,frequency,realistic,"Over the past year, how often did you sort out paperwork with authorities?","In the past 3 months, how many times did you submit, renew, or request an official document from a public office?",False,
