id,row_type,is_flawed,known_errors,topic,item_format,difficulty,target_concept,question_start_5_words,question_word_count,option_count,source_seed_id,clean_revision_identical,loaded_question_row,single_label_loaded,frequency_without_zero_flag,missing_completion_flag,sensitive_context_flag,changed_in_v3
gold-200-rewritten-001,clean,False,,politics/public policy,support_oppose,obvious,support for public election information funding,please indicate your level of,17,5,candidate-v1-clean-0001,True,False,False,,,,False
gold-200-rewritten-002,clean,False,,education,binary_yes_no,realistic,self-reported uncited copying in coursework,this item is optional during,22,3,candidate-v1-clean-0002,True,False,False,,,,False
gold-200-rewritten-003,clean,False,,mobility,frequency,borderline,frequency of public transport use for city trips,in the past 7 days,17,5,candidate-v1-clean-0015,True,False,False,,,,False
gold-200-rewritten-004,clean,False,,health,ordinal_categories,obvious,satisfaction with appointment scheduling at primary care practices,how satisfied or dissatisfied are,19,5,candidate-v1-clean-0051,True,False,False,,,,False
gold-200-rewritten-005,clean,False,,finances,ordinal_categories,realistic,perceived stability of monthly household income,which statement best describes the,15,6,candidate-v1-clean-0087,True,False,False,,,,False
gold-200-rewritten-006,clean,False,,technology,ordinal_categories,borderline,control over privacy settings in frequently used apps,how much control do you,18,5,candidate-v1-clean-0024,True,False,False,,,,False
gold-200-rewritten-007,clean,False,,environment,frequency,obvious,frequency of household energy-saving actions,in a typical week how,20,5,candidate-v1-clean-0013,True,False,False,,,,False
gold-200-rewritten-008,clean,False,,work,frequency,realistic,ability to take short breaks during work or study,during a usual work or,19,6,candidate-v1-clean-0005,True,False,False,,,,False
gold-200-rewritten-009,clean,False,,public services,ordinal_categories,borderline,clarity of digital government forms,how satisfied or dissatisfied are,23,5,candidate-v1-clean-0033,True,False,False,,,,False
gold-200-rewritten-010,clean,False,,university life,ordinal_categories,obvious,availability of quiet study spaces,during the current semester how,19,5,candidate-v1-clean-0060,True,False,False,,,,False
gold-200-rewritten-011,clean,False,,labor,categorical_closed_ended,realistic,time until receiving responses from job applications,for your most recent job,19,6,candidate-v1-clean-0006,True,False,False,,,,False
gold-200-rewritten-012,clean,False,,family/household,numeric_ranges,borderline,weekly unpaid caregiving time,in the past 7 days,25,6,candidate-v1-clean-0008,True,False,False,,,,False
gold-200-rewritten-013,clean,False,,media/culture,frequency,obvious,frequency of local news video consumption,in the past 7 days,14,5,candidate-v1-clean-0018,True,False,False,,,,False
gold-200-rewritten-014,clean,False,,sensitive behaviors,binary_yes_no,realistic,driving after consuming alcohol,you may skip this item,15,3,candidate-v1-clean-0011,True,False,False,,,,False
gold-200-rewritten-015,clean,False,,education,support_oppose,borderline,support for additional tutoring in public schools,what is your view on,11,5,candidate-v1-clean-0037,True,False,False,,,,False
gold-200-rewritten-016,clean,False,,public services,categorical_closed_ended,obvious,preferred channel for renewing official documents,which channel would you prefer,15,6,candidate-v1-clean-0036,True,False,False,,,,False
gold-200-rewritten-017,clean,False,,environment,ordinal_categories,realistic,concern about summer heat in local neighborhoods,please rate your concern about,14,5,candidate-v1-clean-0105,True,False,False,,,,False
gold-200-rewritten-018,clean,False,,health,open_ended,borderline,main reason for missing preventive health appointments,what is the main reason,20,0,candidate-v1-clean-0044,True,False,False,,,,False
gold-200-rewritten-019,clean,False,,technology,binary_yes_no,obvious,use of two-factor authentication,do you currently use two,13,3,candidate-v1-clean-0020,True,False,False,,,,False
gold-200-rewritten-020,clean,False,,mobility,categorical_closed_ended,realistic,main transport mode for commuting,which mode of transport do,16,7,candidate-v1-clean-0027,True,False,False,,,,False
gold-200-rewritten-021,clean,False,,work,ordinal_categories,borderline,satisfaction with communication from supervisor,how satisfied or dissatisfied are,14,6,candidate-v1-clean-0069,True,False,False,,,,False
gold-200-rewritten-022,clean,False,,finances,categorical_closed_ended,obvious,ability to cover unexpected expense,could your household cover an,13,5,candidate-v1-clean-0009,True,False,False,,,,False
gold-200-rewritten-023,clean,False,,family/household,ordinal_categories,realistic,division of household tasks,how fair or unfair do,17,6,candidate-v1-clean-0042,True,False,False,,,,False
gold-200-rewritten-024,clean,False,,media/culture,numeric_ranges,borderline,attendance at local cultural events,during the last 3 months,22,4,candidate-v1-clean-0019,True,False,False,,,,False
gold-200-rewritten-025,clean,False,,politics/public policy,ordinal_categories,obvious,perceived usefulness of public consultation processes,how useful do you find,13,6,candidate-v1-clean-0029,True,False,False,,,,False
gold-200-rewritten-026,clean,False,,sensitive behaviors,binary_yes_no,realistic,use of non-prescribed medication,this question is optional in,19,3,candidate-v1-clean-0083,True,False,False,,,,False
gold-200-rewritten-027,clean,False,,university life,frequency,borderline,feedback timing after assignments,for courses this semester how,17,6,candidate-v1-clean-0022,True,False,False,,,,False
gold-200-rewritten-028,clean,False,,labor,ordinal_categories,obvious,perceived fairness of promotion criteria,how fair or unfair do,18,6,candidate-v1-clean-0150,True,False,False,,,,False
gold-200-rewritten-029,clean,False,,health,categorical_closed_ended,realistic,preferred source for information about vaccination appointments,where would you first look,10,6,candidate-v1-clean-0004,True,False,False,,,,False
gold-200-rewritten-030,clean,False,,technology,frequency,borderline,frequency of checking app permissions,in the last 6 months,17,5,candidate-v1-clean-0016,True,False,False,,,,False
gold-200-rewritten-031,clean,False,,education,ordinal_categories,obvious,importance of class-size reductions,how important or unimportant do,15,5,candidate-v1-clean-0096,True,False,False,,,,False
gold-200-rewritten-032,clean,False,,environment,support_oppose,realistic,support for separate food-waste collection,do you support or oppose,12,5,candidate-v1-clean-0046,True,False,False,,,,False
gold-200-rewritten-033,clean,False,,public services,binary_yes_no,borderline,recent use of municipal service portal,in the past 12 months,20,3,candidate-v1-clean-0017,True,False,False,,,,False
gold-200-rewritten-034,clean,False,,work,open_ended,obvious,main factor when choosing remote-work days,what is the main factor,17,0,candidate-v1-clean-0053,True,False,False,,,,False
gold-200-rewritten-035,clean,False,,family/household,ordinal_categories,realistic,housing crowding relative to household needs,how well does your current,12,5,candidate-v1-clean-0186,True,False,False,,,,False
gold-200-rewritten-036,clean,False,,media/culture,ordinal_categories,borderline,trust in information from public broadcasters,how much do you trust,12,5,candidate-v1-clean-0123,True,False,False,,,,False
gold-200-rewritten-037,clean,False,,politics/public policy,binary_yes_no,obvious,participation in a public consultation,in the previous year did,22,3,candidate-v1-clean-0173,True,False,False,,,,False
gold-200-rewritten-038,clean,False,,university life,open_ended,realistic,reasons for using academic advising,what is the main reason,12,0,candidate-v1-clean-0026,True,False,False,,,,False
gold-200-rewritten-039,clean,False,,finances,categorical_closed_ended,borderline,preferred method for receiving utility bills,how would you prefer to,8,6,candidate-v1-clean-0045,True,False,False,,,,False
gold-200-rewritten-040,clean,False,,sensitive behaviors,frequency,obvious,frequency of gambling with money,some people prefer not to,21,5,candidate-v1-clean-0014,True,False,False,,,,False
gold-200-rewritten-041,single_label,True,leading_question,environment,binary_yes_no,realistic,support for protected bike lanes near schools,because safer routes clearly help,19,2,candidate-v1-single-leading-question-013,False,False,False,,,,False
gold-200-rewritten-042,single_label,True,leading_question,public services,binary_yes_no,borderline,support for evening hours at municipal service offices,most busy residents would benefit,17,2,candidate-v1-single-leading-question-023,False,False,False,,,,False
gold-200-rewritten-043,single_label,True,leading_question,technology,binary_yes_no,obvious,support for default privacy protections in student apps,wouldn’t you agree that student,14,2,candidate-v1-single-leading-question-011,False,False,False,,,,False
gold-200-rewritten-044,single_label,True,leading_question,health,binary_yes_no,realistic,support for free mental-health drop-in hours,given the importance of mental,15,2,candidate-v1-single-leading-question-003,False,False,False,,,,False
gold-200-rewritten-045,single_label,True,leading_question,labor,binary_yes_no,borderline,support for advance notice of shift changes,isn’t it only fair that,16,2,candidate-v1-single-leading-question-007,False,False,False,,,,False
gold-200-rewritten-046,single_label,True,leading_question,media/culture,binary_yes_no,obvious,support for public funding of local arts venues,since local arts venues bring,15,2,candidate-v1-single-leading-question-019,False,False,False,,,,False
gold-200-rewritten-047,single_label,True,leading_question,finances,binary_yes_no,realistic,support for automatic reminders before bank overdraft fees,don’t you think banks should,12,2,candidate-v1-single-leading-question-009,False,False,False,,,,False
gold-200-rewritten-048,single_label,True,leading_question,university life,binary_yes_no,borderline,support for longer library opening hours during exams,students clearly need more study,14,2,candidate-v1-single-leading-question-021,False,False,False,,,,False
gold-200-rewritten-049,single_label,True,loaded_question,finances,ordinal_categories,obvious,effect of account fees on monthly available money,how much did the bank's,17,6,candidate-v1-single-loaded-question-001,False,True,True,False,False,False,True
gold-200-rewritten-050,single_label,True,loaded_question,university life,open_ended,realistic,effect of course registration portal on semester planning,in what ways did the,18,0,candidate-v1-single-loaded-question-002,False,True,True,False,False,False,True
gold-200-rewritten-051,single_label,True,loaded_question,technology,frequency,borderline,frequency of campus app login problems preventing service access,during the last month how,19,5,candidate-v1-single-loaded-question-004,False,True,True,False,False,False,True
gold-200-rewritten-052,single_label,True,loaded_question,labor,numeric_ranges,obvious,extra time attributed to shift-scheduling system,last month how much extra,15,5,candidate-v1-single-loaded-question-007,False,True,True,False,False,False,True
gold-200-rewritten-053,single_label,True,loaded_question,family/household,categorical_closed_ended,realistic,household task affected by building maintenance service,which household task if any,16,7,candidate-v1-single-loaded-question-006,False,True,True,False,False,False,True
gold-200-rewritten-054,single_label,True,loaded_question,mobility,ordinal_categories,borderline,effect of roadworks on usual commute,what effect did the city's,15,6,candidate-v1-single-loaded-question-003,False,True,True,False,False,False,True
gold-200-rewritten-055,single_label,True,loaded_question,politics/public policy,support_oppose,obvious,support for reducing spending on decorative public signs,do you support or oppose,14,6,candidate-v1-single-loaded-question-009,False,True,True,False,False,False,True
gold-200-rewritten-056,single_label,True,loaded_question,health,binary_yes_no,realistic,whether clinic appointment reminders caused missed or rescheduled appointments,this year did the clinic's,16,4,candidate-v1-single-loaded-question-005,False,True,True,False,False,False,True
gold-200-rewritten-057,single_label,True,double_barreled,public services,ordinal_categories,borderline,satisfaction with clarity of forms and waiting times,please rate your satisfaction with,20,5,candidate-v1-single-double-barreled-001,False,False,False,,,,False
gold-200-rewritten-058,single_label,True,double_barreled,mobility,ordinal_categories,obvious,evaluation of bus punctuality and ticket prices,how would you rate the,17,5,candidate-v1-single-double-barreled-002,False,False,False,,,,False
gold-200-rewritten-059,single_label,True,double_barreled,health,ordinal_categories,realistic,satisfaction with doctor availability and explanation quality,when seeking care how satisfied,16,5,candidate-v1-single-double-barreled-003,False,False,False,,,,False
gold-200-rewritten-060,single_label,True,double_barreled,university life,ordinal_categories,borderline,trust in data security and ease of use of university platforms,when using the university online,21,5,candidate-v1-single-double-barreled-008,False,False,False,,,,False
gold-200-rewritten-061,single_label,True,double_barreled,family/household,ordinal_categories,obvious,fairness of chores and childcare division,in your household how fair,14,6,candidate-v1-single-double-barreled-010,False,False,False,,,,False
gold-200-rewritten-062,single_label,True,double_barreled,labor,ordinal_categories,realistic,satisfaction with pay and schedule flexibility,overall how satisfied are you,16,6,candidate-v1-single-double-barreled-005,False,False,False,,,,False
gold-200-rewritten-063,single_label,True,double_barreled,environment,ordinal_categories,borderline,concern about air quality and noise,please rate your concern about,13,5,candidate-v1-single-double-barreled-009,False,False,False,,,,False
gold-200-rewritten-064,single_label,True,double_barreled,university life,ordinal_categories,obvious,evaluation of teaching quality and cafeteria prices,how would you rate the,16,5,candidate-v1-single-double-barreled-012,False,False,False,,,,False
gold-200-rewritten-065,single_label,True,recall_error,media/culture,frequency,realistic,frequency of checking local event listings,over the last 12 months,16,4,candidate-v1-single-recall-error-001,False,False,False,,,,False
gold-200-rewritten-066,single_label,True,recall_error,mobility,frequency,borderline,frequency of cycling trips,during the last year how,13,4,candidate-v1-single-recall-error-002,False,False,False,,,,False
gold-200-rewritten-067,single_label,True,recall_error,health,frequency,obvious,frequency of eating vegetables,in the past 12 months,13,4,candidate-v1-single-recall-error-003,False,False,False,,,,False
gold-200-rewritten-068,single_label,True,recall_error,technology,frequency,realistic,frequency of dismissing phone notifications,thinking about the last 12,19,4,candidate-v1-single-recall-error-008,False,False,False,,,,False
gold-200-rewritten-069,single_label,True,recall_error,work,frequency,borderline,frequency of checking work messages after hours,thinking back over the previous,18,5,candidate-v1-single-recall-error-005,False,False,False,,,,False
gold-200-rewritten-070,single_label,True,recall_error,education,frequency,obvious,frequency of reviewing lecture notes,since the beginning of the,17,4,candidate-v1-single-recall-error-004,False,False,False,,,,False
gold-200-rewritten-071,single_label,True,recall_error,public services,frequency,realistic,frequency of visiting municipal websites,over the past 12 months,18,4,candidate-v1-single-recall-error-012,False,False,False,,,,False
gold-200-rewritten-072,single_label,True,recall_error,finances,frequency,borderline,frequency of checking account balance,in the last year how,17,4,candidate-v1-single-recall-error-007,False,False,False,,,,False
gold-200-rewritten-073,single_label,True,vague_ambiguous,public services,ordinal_categories,obvious,clarity of eligibility information for housing support,how good is the city’s,12,3,candidate-v1-single-vague-ambiguous-001,False,False,False,,,,False
gold-200-rewritten-074,single_label,True,vague_ambiguous,health,ordinal_categories,realistic,perceived access to mental health services,do you have enough access,9,3,candidate-v1-single-vague-ambiguous-003,False,False,False,,,,False
gold-200-rewritten-075,single_label,True,vague_ambiguous,university life,ordinal_categories,borderline,perceived quality of campus Wi-Fi,how is the wi fi,6,3,candidate-v1-single-vague-ambiguous-008,False,False,False,,,,False
gold-200-rewritten-076,single_label,True,vague_ambiguous,work,ordinal_categories,obvious,sense of work-life balance,is your work life balance,5,3,candidate-v1-single-vague-ambiguous-005,False,False,False,,,,False
gold-200-rewritten-077,single_label,True,vague_ambiguous,environment,ordinal_categories,realistic,views about local green areas,what do you think about,9,3,candidate-v1-single-vague-ambiguous-009,False,False,False,,,,False
gold-200-rewritten-078,single_label,True,vague_ambiguous,education,ordinal_categories,borderline,assessment of academic support,was academic support useful,4,2,candidate-v1-single-vague-ambiguous-004,False,False,False,,,,False
gold-200-rewritten-079,single_label,True,vague_ambiguous,family/household,ordinal_categories,obvious,perceived adequacy of childcare options,are childcare options in your,7,3,candidate-v1-single-vague-ambiguous-010,False,False,False,,,,False
gold-200-rewritten-080,single_label,True,vague_ambiguous,media/culture,ordinal_categories,realistic,perceived relevance of local news,how relevant is local news,7,2,candidate-v1-single-vague-ambiguous-011,False,False,False,,,,False
gold-200-rewritten-081,single_label,True,sensitive_topic_direct,finances,binary_yes_no,borderline,late rent or mortgage payments,have you been late paying,14,2,candidate-v1-single-sensitive-topic-direct-001,False,False,False,,,,False
gold-200-rewritten-082,single_label,True,sensitive_topic_direct,sensitive behaviors,binary_yes_no,obvious,use of unauthorized assistance in assignments,did you use unauthorized help,11,2,candidate-v1-single-sensitive-topic-direct-002,False,False,False,,,,False
gold-200-rewritten-083,single_label,True,sensitive_topic_direct,sensitive behaviors,binary_yes_no,realistic,recreational drug use,have you used illegal drugs,10,2,candidate-v1-single-sensitive-topic-direct-003,False,False,False,,,,False
gold-200-rewritten-084,single_label,True,sensitive_topic_direct,labor,binary_yes_no,borderline,being disciplined at work,were you formally disciplined by,11,2,candidate-v1-single-sensitive-topic-direct-007,False,False,False,,,,False
gold-200-rewritten-085,single_label,True,sensitive_topic_direct,family/household,binary_yes_no,obvious,household conflict involving shouting,did someone in your household,15,2,candidate-v1-single-sensitive-topic-direct-006,False,False,False,,,,False
gold-200-rewritten-086,single_label,True,sensitive_topic_direct,health,binary_yes_no,realistic,avoiding medical care because of embarrassment,did you avoid medical care,12,2,candidate-v1-single-sensitive-topic-direct-005,False,False,False,,,,False
gold-200-rewritten-087,single_label,True,sensitive_topic_direct,sensitive behaviors,binary_yes_no,borderline,looking at someone else’s private messages,have you looked at someone,14,2,candidate-v1-single-sensitive-topic-direct-004,False,False,False,,,,False
gold-200-rewritten-088,single_label,True,sensitive_topic_direct,university life,binary_yes_no,obvious,academic probation or formal warning,are you currently on academic,12,2,candidate-v1-single-sensitive-topic-direct-010,False,False,False,,,,False
gold-200-rewritten-089,single_label,True,social_desirability,environment,frequency,realistic,frequency of sorting recyclable waste,when your household handles waste,17,3,candidate-v1-single-social-desirability-009,False,False,False,,,,False
gold-200-rewritten-090,single_label,True,social_desirability,health,frequency,borderline,frequency of eating fruit,in a typical day how,15,3,candidate-v1-single-social-desirability-003,False,False,False,,,,False
gold-200-rewritten-091,single_label,True,social_desirability,politics/public policy,binary_yes_no,obvious,voting participation,responsible citizens vote in local,15,2,candidate-v1-single-social-desirability-013,False,False,False,,,,False
gold-200-rewritten-092,single_label,True,social_desirability,work,frequency,realistic,reporting errors at work,at work how often do,13,4,candidate-v1-single-social-desirability-005,False,False,False,,,,False
gold-200-rewritten-093,single_label,True,social_desirability,education,frequency,borderline,attending class prepared,before class how often do,12,3,candidate-v1-single-social-desirability-004,False,False,False,,,,False
gold-200-rewritten-094,single_label,True,social_desirability,finances,binary_yes_no,obvious,paying bills on time,do you pay your bills,12,2,candidate-v1-single-social-desirability-007,False,False,False,,,,False
gold-200-rewritten-095,single_label,True,social_desirability,technology,categorical_closed_ended,realistic,using strong passwords,do you use strong passwords,10,2,candidate-v1-single-social-desirability-008,False,False,False,,,,False
gold-200-rewritten-096,single_label,True,social_desirability,family/household,frequency,borderline,checking on older relatives,in your family how often,20,4,candidate-v1-single-social-desirability-010,False,False,False,,,,False
gold-200-rewritten-097,single_label,True,negative_wording,health,ordinal_categories,obvious,ease of understanding medication instructions,how difficult was it for,14,5,candidate-v1-single-negative-wording-003,False,False,False,,,,False
gold-200-rewritten-098,single_label,True,negative_wording,technology,ordinal_categories,realistic,concern about data sharing,how unconcerned are you about,12,5,candidate-v1-single-negative-wording-011,False,False,False,,,,False
gold-200-rewritten-099,single_label,True,negative_wording,labor,frequency,borderline,ability to disconnect from work messages,how often are you not,13,5,candidate-v1-single-negative-wording-007,False,False,False,,,,False
gold-200-rewritten-100,single_label,True,negative_wording,education,likert_agreement,obvious,clarity of exam instructions,to what extent do you,12,5,candidate-v1-single-negative-wording-005,False,False,False,,,,False
gold-200-rewritten-101,single_label,True,negative_wording,public services,ordinal_categories,realistic,ease of finding permit information,how hard was it not,15,5,candidate-v1-single-negative-wording-023,False,False,False,,,,False
gold-200-rewritten-102,single_label,True,negative_wording,environment,binary_yes_no,borderline,support for reducing plastic packaging,do you oppose not reducing,10,2,candidate-v1-single-negative-wording-013,False,False,False,,,,False
gold-200-rewritten-103,single_label,True,negative_wording,university life,ordinal_categories,obvious,satisfaction with feedback timing,how dissatisfied are you with,9,5,candidate-v1-single-negative-wording-021,False,False,False,,,,False
gold-200-rewritten-104,single_label,True,negative_wording,family/household,ordinal_categories,realistic,difficulty arranging childcare,how easy was it not,13,5,candidate-v1-single-negative-wording-017,False,False,False,,,,False
gold-200-rewritten-105,single_label,True,open_closed_mismatch,health,open_ended,borderline,reasons for postponing medical appointments,please describe in your own,14,4,candidate-v1-single-open-closed-mismatch-004,False,False,False,,,,False
gold-200-rewritten-106,single_label,True,open_closed_mismatch,mobility,open_ended,obvious,main reasons for not cycling,what are all the reasons,11,4,candidate-v1-single-open-closed-mismatch-003,False,False,False,,,,False
gold-200-rewritten-107,single_label,True,open_closed_mismatch,public services,open_ended,realistic,details of problem with online portal,tell us what happened when,15,4,candidate-v1-single-open-closed-mismatch-001,False,False,False,,,,False
gold-200-rewritten-108,single_label,True,open_closed_mismatch,education,open_ended,borderline,suggestions for improving lectures,what specific change would most,10,4,candidate-v1-single-open-closed-mismatch-002,False,False,False,,,,False
gold-200-rewritten-109,single_label,True,open_closed_mismatch,work,open_ended,obvious,description of remote-work challenges,in your own words describe,13,4,candidate-v1-single-open-closed-mismatch-005,False,False,False,,,,False
gold-200-rewritten-110,single_label,True,open_closed_mismatch,technology,open_ended,realistic,preferred app privacy improvement,which privacy improvement would you,13,0,candidate-v1-single-open-closed-mismatch-007,False,False,False,,,,False
gold-200-rewritten-111,single_label,True,open_closed_mismatch,environment,open_ended,borderline,open explanation of energy-saving barriers,please explain why your household,11,4,candidate-v1-single-open-closed-mismatch-006,False,False,False,,,,False
gold-200-rewritten-112,single_label,True,open_closed_mismatch,media/culture,open_ended,obvious,reason for not attending cultural events,why do you not attend,14,4,candidate-v1-single-open-closed-mismatch-014,False,False,False,,,,False
gold-200-rewritten-113,single_label,True,agree_disagree_scale,politics/public policy,likert_agreement,realistic,support for citizen assemblies,please indicate how much you,19,5,candidate-v1-single-agree-disagree-scale-001,False,False,False,,,,False
gold-200-rewritten-114,single_label,True,agree_disagree_scale,public services,likert_agreement,borderline,importance of transparent appointment waiting lists,please indicate whether you agree,14,5,candidate-v1-single-agree-disagree-scale-003,False,False,False,,,,False
gold-200-rewritten-115,single_label,True,agree_disagree_scale,environment,likert_agreement,obvious,concern about drinking-water quality,do you agree or disagree,13,5,candidate-v1-single-agree-disagree-scale-013,False,False,False,,,,False
gold-200-rewritten-116,single_label,True,agree_disagree_scale,work,likert_agreement,realistic,satisfaction with workload predictability,how strongly do you agree,10,5,candidate-v1-single-agree-disagree-scale-007,False,False,False,,,,False
gold-200-rewritten-117,single_label,True,agree_disagree_scale,public services,likert_agreement,borderline,trust in automated decision systems,please indicate whether you agree,18,5,candidate-v1-single-agree-disagree-scale-011,False,False,False,,,,False
gold-200-rewritten-118,single_label,True,agree_disagree_scale,university life,likert_agreement,obvious,satisfaction with course registration,please state your level of,15,5,candidate-v1-single-agree-disagree-scale-021,False,False,False,,,,False
gold-200-rewritten-119,single_label,True,agree_disagree_scale,family/household,likert_agreement,realistic,fairness of household task division,do you agree that household,12,5,candidate-v1-single-agree-disagree-scale-017,False,False,False,,,,False
gold-200-rewritten-120,single_label,True,agree_disagree_scale,media/culture,likert_agreement,borderline,reliability of local event information,please indicate your agreement with,15,5,candidate-v1-single-agree-disagree-scale-019,False,False,False,,,,False
gold-200-rewritten-121,single_label,True,unbalanced_scale,education,support_oppose,obvious,support for smaller class sizes,would you favor reducing class,9,5,candidate-v1-single-unbalanced-scale-005,False,False,False,,,,False
gold-200-rewritten-122,single_label,True,unbalanced_scale,politics/public policy,support_oppose,realistic,support for low-emission zones,what is your opinion of,11,5,candidate-v1-single-unbalanced-scale-013,False,False,False,,,,False
gold-200-rewritten-123,single_label,True,unbalanced_scale,health,support_oppose,borderline,support for expanding evening clinic hours,what level of support do,15,5,candidate-v1-single-unbalanced-scale-003,False,False,False,,,,False
gold-200-rewritten-124,single_label,True,unbalanced_scale,mobility,ordinal_categories,obvious,support for facial recognition in public transport stations,how acceptable is the use,12,5,candidate-v1-single-unbalanced-scale-011,False,False,False,,,,False
gold-200-rewritten-125,single_label,True,unbalanced_scale,public services,support_oppose,realistic,support for appointment-only service offices,would you support service offices,9,5,candidate-v1-single-unbalanced-scale-023,False,False,False,,,,False
gold-200-rewritten-126,single_label,True,unbalanced_scale,mobility,support_oppose,borderline,support for reducing car parking near train stations,what do you think about,11,5,candidate-v1-single-unbalanced-scale-015,False,False,False,,,,False
gold-200-rewritten-127,single_label,True,unbalanced_scale,labor,support_oppose,obvious,support for mandatory recording of working time,how favorable are you toward,10,5,candidate-v1-single-unbalanced-scale-007,False,False,False,,,,False
gold-200-rewritten-128,single_label,True,unbalanced_scale,politics/public policy,support_oppose,realistic,support for public release of council attendance records,how good would it be,11,5,candidate-v1-single-unbalanced-scale-001,False,False,False,,,,False
gold-200-rewritten-129,single_label,True,incomplete_options,family/household,categorical_closed_ended,borderline,respondent age group,which age group includes your,7,4,candidate-v1-single-incomplete-options-001,False,False,False,,,,False
gold-200-rewritten-130,single_label,True,incomplete_options,education,categorical_closed_ended,obvious,highest completed education,what is the highest level,10,4,candidate-v1-single-incomplete-options-002,False,False,False,,,,False
gold-200-rewritten-131,single_label,True,incomplete_options,mobility,categorical_closed_ended,realistic,usual transport mode,which mode of transport do,10,2,candidate-v1-single-incomplete-options-003,False,False,False,,,,False
gold-200-rewritten-132,single_label,True,incomplete_options,labor,categorical_closed_ended,borderline,employment status,which of the following best,10,3,candidate-v1-single-incomplete-options-004,False,False,False,,,,False
gold-200-rewritten-133,single_label,True,incomplete_options,health,categorical_closed_ended,obvious,type of health insurance,what type of health insurance,9,2,candidate-v1-single-incomplete-options-008,False,False,False,,,,False
gold-200-rewritten-134,single_label,True,incomplete_options,education,categorical_closed_ended,realistic,main device used for online learning,which device do you use,10,2,candidate-v1-single-incomplete-options-010,False,False,False,,,,False
gold-200-rewritten-135,single_label,True,incomplete_options,finances,categorical_closed_ended,borderline,main housing cost payment method,how do you usually pay,8,2,candidate-v1-single-incomplete-options-009,False,False,False,,,,False
gold-200-rewritten-136,single_label,True,incomplete_options,media/culture,categorical_closed_ended,obvious,primary language for media use,in which language do you,9,2,candidate-v1-single-incomplete-options-006,False,False,False,,,,False
gold-200-rewritten-137,single_label,True,non_exclusive_options,finances,numeric_ranges,realistic,monthly personal income range,what was your personal net,8,4,candidate-v1-single-non-exclusive-options-009,False,False,False,,,,False
gold-200-rewritten-138,single_label,True,non_exclusive_options,health,numeric_ranges,borderline,minutes of physical activity per week,how many minutes of moderate,12,4,candidate-v1-single-non-exclusive-options-008,False,False,False,,,,False
gold-200-rewritten-139,single_label,True,non_exclusive_options,education,numeric_ranges,obvious,number of missed classes,how many classes did you,11,4,candidate-v1-single-non-exclusive-options-002,False,False,False,,,,False
gold-200-rewritten-140,single_label,True,non_exclusive_options,work,numeric_ranges,realistic,organization size,how many people work at,7,4,candidate-v1-single-non-exclusive-options-001,False,False,False,,,,False
gold-200-rewritten-141,single_label,True,non_exclusive_options,family/household,numeric_ranges,borderline,weekly childcare hours,how many hours did you,10,4,candidate-v1-single-non-exclusive-options-005,False,False,False,,,,False
gold-200-rewritten-142,single_label,True,non_exclusive_options,mobility,numeric_ranges,obvious,one-way commute time,how long is your usual,7,4,candidate-v1-single-non-exclusive-options-003,False,False,False,,,,False
gold-200-rewritten-143,single_label,True,non_exclusive_options,technology,numeric_ranges,realistic,daily screen time,how much non work screen,9,4,candidate-v1-single-non-exclusive-options-010,False,False,False,,,,False
gold-200-rewritten-144,single_label,True,non_exclusive_options,university life,numeric_ranges,borderline,credits taken this semester,how many credits are you,8,4,candidate-v1-single-non-exclusive-options-007,False,False,False,,,,False
gold-200-rewritten-145,single_label,True,missing_scale_labels,health,numeric_ranges,obvious,pain level today,how much pain are you,7,11,candidate-v1-single-missing-scale-labels-003,False,False,False,,,,False
gold-200-rewritten-146,single_label,True,missing_scale_labels,technology,numeric_ranges,realistic,confidence in identifying phishing messages,how confident are you that,10,5,candidate-v1-single-missing-scale-labels-008,False,False,False,,,,False
gold-200-rewritten-147,single_label,True,missing_scale_labels,environment,numeric_ranges,borderline,concern about local flooding,on the 1 to 5,10,5,candidate-v1-single-missing-scale-labels-009,False,False,False,,,,False
gold-200-rewritten-148,single_label,True,missing_scale_labels,work,numeric_ranges,obvious,control over daily tasks,how much control do you,13,6,candidate-v1-single-missing-scale-labels-005,False,False,False,,,,False
gold-200-rewritten-149,single_label,True,missing_scale_labels,education,numeric_ranges,realistic,difficulty of course materials,how difficult are the course,8,5,candidate-v1-single-missing-scale-labels-004,False,False,False,,,,False
gold-200-rewritten-150,single_label,True,missing_scale_labels,public services,numeric_ranges,borderline,ease of using online booking system,how easy was it to,10,5,candidate-v1-single-missing-scale-labels-001,False,False,False,,,,False
gold-200-rewritten-151,single_label,True,missing_scale_labels,media/culture,numeric_ranges,obvious,trust in social media event information,on the numbered scale rate,14,5,candidate-v1-single-missing-scale-labels-011,False,False,False,,,,False
gold-200-rewritten-152,single_label,True,missing_scale_labels,family/household,numeric_ranges,realistic,stress from household responsibilities,how stressful are your household,9,5,candidate-v1-single-missing-scale-labels-010,False,False,False,,,,False
gold-200-rewritten-153,single_label,True,too_many_scale_points,politics/public policy,numeric_ranges,borderline,support for participatory budgeting,using the 0 to 20,15,21,candidate-v1-single-too-many-scale-points-001,False,False,False,,,,False
gold-200-rewritten-154,single_label,True,too_many_scale_points,public services,numeric_ranges,obvious,satisfaction with pharmacy opening hours,on a 0 to 100,14,101,candidate-v1-single-too-many-scale-points-003,False,False,False,,,,False
gold-200-rewritten-155,single_label,True,too_many_scale_points,environment,numeric_ranges,realistic,concern about microplastics in waterways,rate your concern about microplastics,12,31,candidate-v1-single-too-many-scale-points-013,False,False,False,,,,False
gold-200-rewritten-156,single_label,True,too_many_scale_points,education,numeric_ranges,borderline,importance of digital literacy classes,how important are digital literacy,9,15,candidate-v1-single-too-many-scale-points-005,False,False,False,,,,False
gold-200-rewritten-157,single_label,True,too_many_scale_points,mobility,numeric_ranges,obvious,satisfaction with bicycle parking,choose a number from 0,17,26,candidate-v1-single-too-many-scale-points-015,False,False,False,,,,False
gold-200-rewritten-158,single_label,True,too_many_scale_points,labor,numeric_ranges,realistic,perceived fairness of shift allocation,how fair is the allocation,10,51,candidate-v1-single-too-many-scale-points-007,False,False,False,,,,False
gold-200-rewritten-159,single_label,True,too_many_scale_points,technology,numeric_ranges,borderline,trust in cloud storage providers,use the 0 to 20,16,21,candidate-v1-single-too-many-scale-points-011,False,False,False,,,,False
gold-200-rewritten-160,single_label,True,too_many_scale_points,university life,numeric_ranges,obvious,satisfaction with examination scheduling,for this semester’s exam schedule,16,41,candidate-v1-single-too-many-scale-points-021,False,False,False,,,,False
gold-200-rewritten-161,single_label,True,polarity_mismatch,health,ordinal_categories,realistic,concern about medication side effects,please rate your concern about,11,6,candidate-v1-single-polarity-mismatch-003,False,False,False,,,,False
gold-200-rewritten-162,single_label,True,polarity_mismatch,university life,ordinal_categories,borderline,satisfaction with password-reset process,please rate your satisfaction with,11,5,candidate-v1-single-polarity-mismatch-008,False,False,False,,,,False
gold-200-rewritten-163,single_label,True,polarity_mismatch,environment,support_oppose,obvious,support for tree planting on streets,do you support or oppose,9,5,candidate-v1-single-polarity-mismatch-009,False,False,False,,,,False
gold-200-rewritten-164,single_label,True,polarity_mismatch,work,frequency,realistic,frequency of receiving feedback,at your workplace how often,12,5,candidate-v1-single-polarity-mismatch-005,False,False,False,,,,False
gold-200-rewritten-165,single_label,True,polarity_mismatch,education,ordinal_categories,borderline,difficulty of registering for required courses,how difficult was it to,11,5,candidate-v1-single-polarity-mismatch-004,False,False,False,,,,False
gold-200-rewritten-166,single_label,True,polarity_mismatch,public services,ordinal_categories,obvious,trust in emergency alert messages,please rate your trust in,11,5,candidate-v1-single-polarity-mismatch-001,False,False,False,,,,False
gold-200-rewritten-167,single_label,True,polarity_mismatch,family/household,ordinal_categories,realistic,fairness of dividing elder-care tasks,rate the fairness of how,12,6,candidate-v1-single-polarity-mismatch-010,False,False,False,,,,False
gold-200-rewritten-168,single_label,True,polarity_mismatch,media/culture,ordinal_categories,borderline,importance of local cultural venues,how important are local cultural,9,5,candidate-v1-single-polarity-mismatch-011,False,False,False,,,,False
gold-200-rewritten-169,multi_label,True,leading_question;unbalanced_scale,politics/public policy,support_oppose,obvious,support for free annual health checks,everyone benefits when diseases are,17,5,candidate-v1-multi-leading-question-unbalanced-scale-001,False,False,False,,,,False
gold-200-rewritten-170,multi_label,True,leading_question;unbalanced_scale,politics/public policy,support_oppose,realistic,support for a city tree-planting levy,since more trees obviously make,16,5,candidate-v1-multi-leading-question-unbalanced-scale-002,False,False,False,,,,False
gold-200-rewritten-171,multi_label,True,double_barreled;leading_question,public services,ordinal_categories,borderline,views on online forms and service-office staff,given that digital services save,21,5,candidate-v1-multi-double-barreled-leading-question-002,False,False,False,,,,False
gold-200-rewritten-172,multi_label,True,double_barreled;leading_question,mobility,binary_yes_no,obvious,views on cycle lanes and parking prices,because sustainable travel is important,15,2,candidate-v1-multi-double-barreled-leading-question-001,False,False,False,,,,False
gold-200-rewritten-173,multi_label,True,incomplete_options;non_exclusive_options,work,numeric_ranges,realistic,weekly remote-work days,how many days did you,9,3,candidate-v1-multi-incomplete-options-non-exclusive-options-001,False,False,False,,,,False
gold-200-rewritten-174,multi_label,True,incomplete_options;non_exclusive_options,finances,numeric_ranges,borderline,monthly rent payment amount,how much rent did your,9,3,candidate-v1-multi-incomplete-options-non-exclusive-options-002,False,False,False,,,,False
gold-200-rewritten-175,multi_label,True,agree_disagree_scale;negative_wording,education,likert_agreement,obvious,clarity of grading criteria,please indicate whether you disagree,12,5,candidate-v1-multi-agree-disagree-scale-negative-wording-001,False,False,False,,,,False
gold-200-rewritten-176,multi_label,True,agree_disagree_scale;negative_wording,technology,likert_agreement,realistic,ease of opting out of data sharing,please indicate agreement or disagreement,19,5,candidate-v1-multi-agree-disagree-scale-negative-wording-002,False,False,False,,,,False
gold-200-rewritten-177,multi_label,True,loaded_question;sensitive_topic_direct,sensitive behaviors,filter_question,borderline,interference with attendance after using drugs not legally available to respondent,how much did using drugs,22,6,candidate-v1-multi-loaded-question-sensitive-topic-direct-001,False,True,False,,,,True
gold-200-rewritten-178,multi_label,True,loaded_question;sensitive_topic_direct,education,filter_question,obvious,perceived academic effect of paying someone to complete coursework,how much did paying someone,16,6,candidate-v1-multi-loaded-question-sensitive-topic-direct-002,False,True,False,,,,True
gold-200-rewritten-179,multi_label,True,missing_scale_labels;too_many_scale_points,university life,numeric_ranges,realistic,stress about exam scheduling,how stressful is the exam,8,31,candidate-v1-multi-missing-scale-labels-too-many-scale-points-001,False,False,False,,,,False
gold-200-rewritten-180,multi_label,True,missing_scale_labels;too_many_scale_points,public services,numeric_ranges,borderline,ease of understanding tax letters,how easy is it to,11,25,candidate-v1-multi-missing-scale-labels-too-many-scale-points-002,False,False,False,,,,False
gold-200-rewritten-181,multi_label,True,negative_wording;polarity_mismatch,environment,support_oppose,obvious,concern about not reducing household energy use,how unconcerned are you about,10,5,candidate-v1-multi-negative-wording-polarity-mismatch-001,False,False,False,,,,False
gold-200-rewritten-182,multi_label,True,negative_wording;polarity_mismatch,health,ordinal_categories,realistic,ease of not missing medication doses,how easy is it for,12,6,candidate-v1-multi-negative-wording-polarity-mismatch-002,False,False,False,,,,False
gold-200-rewritten-183,multi_label,True,non_exclusive_options;open_closed_mismatch,mobility,open_ended,borderline,reasons for choosing car travel,please describe why you usually,8,4,candidate-v1-multi-non-exclusive-options-open-closed-mismatch-001,False,False,False,,,,False
gold-200-rewritten-184,multi_label,True,non_exclusive_options;open_closed_mismatch,family/household,open_ended,obvious,reason for using paid childcare,in your own words why,10,4,candidate-v1-multi-non-exclusive-options-open-closed-mismatch-002,False,False,False,,,,False
gold-200-rewritten-185,multi_label,True,open_closed_mismatch;loaded_question,technology,open_ended,realistic,reason for bypassing privacy settings,why did you bypass the,11,5,candidate-v1-multi-open-closed-mismatch-loaded-question-001,False,True,False,,,,True
gold-200-rewritten-186,multi_label,True,open_closed_mismatch;loaded_question,work,open_ended,borderline,reason for missing mandatory workplace training,explain why you skipped mandatory,9,7,candidate-v1-multi-open-closed-mismatch-loaded-question-002,False,True,False,,,,True
gold-200-rewritten-187,multi_label,True,polarity_mismatch;incomplete_options,media/culture,ordinal_categories,obvious,frequency of attending local events,during the last 3 months,13,3,candidate-v1-multi-polarity-mismatch-incomplete-options-001,False,False,False,,,,False
gold-200-rewritten-188,multi_label,True,polarity_mismatch;incomplete_options,education,ordinal_categories,realistic,support needed for online exams,which type of support would,11,3,candidate-v1-multi-polarity-mismatch-incomplete-options-002,False,False,False,,,,False
gold-200-rewritten-189,multi_label,True,recall_error;double_barreled,health,frequency,borderline,exercise frequency and sleep quality,across the past year how,20,4,candidate-v1-multi-recall-error-double-barreled-001,False,False,False,,,,False
gold-200-rewritten-190,multi_label,True,recall_error;double_barreled,technology,frequency,obvious,frequency of software updates and password changes,in the last year how,16,4,candidate-v1-multi-recall-error-double-barreled-002,False,False,False,,,,False
gold-200-rewritten-191,multi_label,True,sensitive_topic_direct;social_desirability,finances,binary_yes_no,realistic,paying taxes accurately,honest people report all taxable,16,2,candidate-v1-multi-sensitive-topic-direct-social-desirability-001,False,False,False,,,,False
gold-200-rewritten-192,multi_label,True,sensitive_topic_direct;social_desirability,family/household,binary_yes_no,borderline,household conflict and responsible behavior,responsible family members do not,20,2,candidate-v1-multi-sensitive-topic-direct-social-desirability-002,False,False,False,,,,False
gold-200-rewritten-193,multi_label,True,social_desirability;vague_ambiguous,environment,frequency,obvious,general eco-friendly behavior,thinking about daily life how,13,3,candidate-v1-multi-social-desirability-vague-ambiguous-003,False,False,False,,,,False
gold-200-rewritten-194,multi_label,True,social_desirability;vague_ambiguous,university life,frequency,realistic,being a good class participant,how often are you a,9,3,candidate-v1-multi-social-desirability-vague-ambiguous-002,False,False,False,,,,False
gold-200-rewritten-195,multi_label,True,too_many_scale_points;agree_disagree_scale,politics/public policy,numeric_ranges,borderline,agreement about police visibility,on a scale from 0,20,21,candidate-v1-multi-too-many-scale-points-agree-disagree-scale-001,False,False,False,,,,False
gold-200-rewritten-196,multi_label,True,too_many_scale_points;agree_disagree_scale,public services,numeric_ranges,obvious,agreement about vaccination reminders,using the 0 30 scale,15,31,candidate-v1-multi-too-many-scale-points-agree-disagree-scale-003,False,False,False,,,,False
gold-200-rewritten-197,multi_label,True,unbalanced_scale;missing_scale_labels,education,numeric_ranges,realistic,acceptability of AI grading support,how acceptable is using ai,9,5,candidate-v1-multi-unbalanced-scale-missing-scale-labels-001,False,False,False,,,,False
gold-200-rewritten-198,multi_label,True,unbalanced_scale;missing_scale_labels,politics/public policy,numeric_ranges,borderline,support for lowering voting age,please rate how much you,13,5,candidate-v1-multi-unbalanced-scale-missing-scale-labels-003,False,False,False,,,,False
gold-200-rewritten-199,multi_label,True,vague_ambiguous;recall_error,media/culture,frequency,obvious,frequency of engaging with culture online,over the past year how,12,3,candidate-v1-multi-vague-ambiguous-recall-error-009,False,False,False,,,,False
gold-200-rewritten-200,multi_label,True,vague_ambiguous;recall_error,public services,frequency,realistic,frequency of dealing with official paperwork,over the past year how,13,4,candidate-v1-multi-vague-ambiguous-recall-error-002,False,False,False,,,,False
